Country,Baseline.Num,Baseline.FT,Intervention.Num,Intervention.FT,Baseline.Rate,Intervention.Rate,site,age
Cote d'Ivoire,10,12,19,22.7506849315068,0.833333333333333,0.835139691714838,11,0-4
Cote d'Ivoire,28,12,61,19.6602739726027,2.33333333333333,3.10270345596433,12,0-4
Cote d'Ivoire,27,12,30,23.2767123287671,2.25,1.28884180790961,13,0-4
Cote d'Ivoire,7,12,8,17.2602739726027,0.583333333333333,0.463492063492065,14,0-4
Cote d'Ivoire,2,12,2,22.8821917808219,0.166666666666667,0.0874042145593871,35,0-4
Cote d'Ivoire,1,12,5,19.5945205479452,0.0833333333333333,0.255173378076063,40,0-4
Cote d'Ivoire,1,12,2,21.2712328767123,0.0833333333333333,0.0940236991241629,41,0-4
Cote d'Ivoire,2,12,7,22.3561643835616,0.166666666666667,0.31311274509804,47,0-4
Cote d'Ivoire,2,12,14,20.8109589041096,0.166666666666667,0.672722485518694,48,0-4
Cote d'Ivoire,6,12,3,20.7780821917808,0.5,0.144382911392405,49,0-4
Cameroon,0,12,1,12.8876712328767,0,0.0775935374149661,10,0-4
Cameroon,3,12,3,22.3232876712329,0.25,0.134388807069219,15,0-4
Cameroon,2,12,0,22.3561643835616,0.166666666666667,0,23,0-4
Cameroon,1,12,4,23.2767123287671,0.0833333333333333,0.171845574387947,37,0-4
Cameroon,0,12,6,16.8657534246575,0,0.355750487329436,43,0-4
Cameroon,4,12,3,23.3424657534247,0.333333333333333,0.128521126760563,44,0-4
Cameroon,3,12,7,17.8849315068493,0.25,0.391390931372549,45,0-4
Cameroon,0,12,2,17.227397260274,0,0.116094147582697,46,0-4
Cameroon,22,12,24,16.9972602739726,1.83333333333333,1.41199226305609,50,0-4
Cameroon,3,12,5,19.9890410958904,0.25,0.250137061403509,51,0-4
Cameroon,0,12,1,21.6,0,0.0462962962962963,52,0-4
Cameroon,3,12,14,21.8958904109589,0.25,0.63938938938939,53,0-4
Cameroon,0,12,0,20.0219178082192,0,0,54,0-4
Cameroon,10,12,19,21.9287671232877,0.833333333333333,0.866441779110444,97,0-4
DRC,10,12,16,22.2904109589041,0.833333333333333,0.717797443461161,5,0-4
DRC,6,12,11,22.1917808219178,0.5,0.495679012345679,16,0-4
DRC,73,12,111,22.158904109589,6.08333333333333,5.00927299703265,17,0-4
DRC,7,12,42,22.0602739726027,0.583333333333333,1.90387481371088,25,0-4
DRC,5,12,35,22.1260273972603,0.416666666666667,1.58184744923229,26,0-4
DRC,2,12,39,22.2904109589041,0.166666666666667,1.74963126843658,27,0-4
DRC,4,12,42,21.8958904109589,0.333333333333333,1.91816816816817,28,0-4
DRC,4,12,34,22.2904109589041,0.333333333333333,1.52531956735497,29,0-4
DRC,4,12,37,22.0931506849315,0.333333333333333,1.67472718253968,30,0-4
DRC,10,12,22,22.1260273972603,0.833333333333333,0.994304110946012,31,0-4
DRC,7,12,37,22.0931506849315,0.583333333333333,1.67472718253968,32,0-4
DRC,9,12,14,22.1917808219178,0.75,0.630864197530864,33,0-4
DRC,9,12,21,22.2904109589041,0.75,0.942109144542773,34,0-4
DRC,5,12,41,22.2904109589041,0.416666666666667,1.83935594886922,57,0-4
DRC,18,12,31,22.2575342465753,1.5,1.39278680452979,63,0-4
DRC,97,12,93,22.158904109589,8.08333333333333,4.1969584569733,67,0-4
DRC,35,12,149,22.2904109589041,2.91666666666667,6.68448869223206,70,0-4
DRC,21,12,70,22.2575342465753,1.75,3.14500246184146,71,0-4
DRC,7,12,6,22.2575342465753,0.583333333333333,0.269571639586411,77,0-4
DRC,0,12,6,22.2575342465753,0,0.269571639586411,105,0-4
DRC,5,12,63,22.2904109589041,0.416666666666667,2.82632743362832,139,0-4
Kenya,0,12,0,20.9753424657534,0,0,74,0-4
Kenya,98,12,255,21.041095890411,8.16666666666667,12.119140625,80,0-4
Kenya,0,12,0,20.9753424657534,0,0,82,0-4
Kenya,2,12,8,20.7123287671233,0.166666666666667,0.386243386243386,88,0-4
Kenya,2,12,10,21.041095890411,0.166666666666667,0.475260416666666,96,0-4
Kenya,0,12,5,21.041095890411,0,0.237630208333333,100,0-4
Kenya,1,12,0,21.041095890411,0.0833333333333333,0,109,0-4
Kenya,0,12,0,20.5479452054795,0,0,111,0-4
Kenya,0,12,0,20.9424657534247,0,0,117,0-4
Kenya,5,12,0,21.041095890411,0.416666666666667,0,119,0-4
Kenya,0,12,1,21.0082191780822,0,0.0476004173187272,120,0-4
Kenya,1,12,0,21.0082191780822,0.0833333333333333,0,121,0-4
Kenya,1,12,9,21.0082191780822,0.0833333333333333,0.428403755868544,126,0-4
Kenya,2,12,5,21.0082191780822,0.166666666666667,0.238002086593636,143,0-4
Kenya,1,12,2,20.7452054794521,0.0833333333333333,0.0964078182778656,146,0-4
Lesotho,2,12,3,18.9369863013699,0.166666666666667,0.158420138888889,3,0-4
Lesotho,0,12,3,18.8712328767123,0,0.15897212543554,39,0-4
Lesotho,0,12,0,18.6082191780822,0,0,69,0-4
Lesotho,0,12,0,18.5095890410959,0,0,78,0-4
Lesotho,0,12,0,17.786301369863,0,0,81,0-4
Lesotho,0,12,1,18.9698630136986,0,0.0527151935297517,83,0-4
Lesotho,4,12,2,18.5095890410959,0.333333333333333,0.108052101835406,85,0-4
Lesotho,3,12,15,18.8383561643836,0.25,0.796247818499126,89,0-4
Lesotho,2,12,3,18.5095890410959,0.166666666666667,0.162078152753108,90,0-4
Lesotho,3,12,1,18.8383561643836,0.25,0.0530831878999417,92,0-4
Lesotho,1,12,5,16.7013698630137,0.0833333333333333,0.299376640419947,93,0-4
Lesotho,0,12,4,18.9698630136986,0,0.210860774119007,102,0-4
Lesotho,14,12,6,18.9041095890411,1.16666666666667,0.317391304347826,114,0-4
Lesotho,0,12,0,17.8191780821918,0,0,122,0-4
Lesotho,0,12,4,18.6082191780822,0,0.214958775029446,124,0-4
Lesotho,2,12,5,18.5095890410959,0.166666666666667,0.270130254588514,125,0-4
Lesotho,1,12,0,17.1287671232877,0.0833333333333333,0,127,0-4
Lesotho,4,12,12,18.4109589041096,0.333333333333333,0.651785714285714,131,0-4
Lesotho,1,12,8,18.2794520547945,0.0833333333333333,0.437649880095924,142,0-4
Malawi,2,12,18,23.9342465753425,0.166666666666667,0.752060439560439,1,0-4
Malawi,0,12,0,23.572602739726,0,0,4,0-4
Malawi,3,12,10,23.6712328767123,0.25,0.422453703703704,19,0-4
Malawi,5,12,13,23.7698630136986,0.416666666666667,0.546911018902721,21,0-4
Malawi,2,12,21,23.7698630136986,0.166666666666667,0.88347164591978,36,0-4
Malawi,3,12,12,23.2767123287671,0.25,0.515536723163842,68,0-4
Malawi,3,12,9,23.9342465753425,0.25,0.376030219780219,79,0-4
Malawi,8,12,21,24,0.666666666666667,0.875,98,0-4
Malawi,3,12,3,23.9013698630137,0.25,0.125515818431912,101,0-4
Malawi,0,12,15,23.3095890410959,0,0.643511988716502,104,0-4
Malawi,0,12,16,23.7698630136986,0,0.673121254034118,110,0-4
Malawi,6,12,30,23.7369863013699,0.5,1.26385041551246,113,0-4
Malawi,0,12,2,23.8027397260274,0,0.08402394106814,136,0-4
Malawi,1,12,29,23.7698630136986,0.0833333333333333,1.22003227293684,141,0-4
Malawi,10,12,30,23.9342465753425,0.833333333333333,1.25343406593406,145,0-4
Uganda,0,12,4,18.0164383561644,0,0.222019464720194,6,0-4
Uganda,0,12,10,18.0493150684931,0,0.55403764420158,9,0-4
Uganda,0,12,5,19.0356164383562,0,0.262665515256188,55,0-4
Uganda,1,12,3,17.0301369863014,0.0833333333333333,0.176158301158301,60,0-4
Uganda,1,12,2,18.1479452054794,0.0833333333333333,0.110205314009662,62,0-4
Uganda,1,12,11,17.9835616438356,0.0833333333333333,0.611669713589275,64,0-4
Uganda,0,12,12,18.0493150684931,0,0.664845173041896,65,0-4
Uganda,0,12,7,14.9260273972603,0,0.468979441997062,66,0-4
Uganda,4,12,11,18.0493150684931,0.333333333333333,0.609441408621738,73,0-4
Uganda,0,12,12,17.9506849315068,0,0.66849816849817,76,0-4
Uganda,3,12,7,16.8986301369863,0.25,0.414234760051881,94,0-4
Uganda,31,12,52,16.3397260273973,2.58333333333333,3.18242790073775,95,0-4
Uganda,0,12,14,18.5753424657534,0,0.753687315634219,108,0-4
Uganda,0,12,13,18.0493150684931,0,0.720248937462054,115,0-4
Uganda,4,12,14,17.0301369863014,0.333333333333333,0.822072072072071,116,0-4
Uganda,1,12,5,17.9506849315068,0.0833333333333333,0.278540903540904,128,0-4
Uganda,0,12,4,17.786301369863,0,0.224892174984597,129,0-4
Uganda,0,12,8,18.2465753424658,0,0.438438438438437,130,0-4
Uganda,1,12,2,17.4904109589041,0.0833333333333333,0.114348370927318,144,0-4
Tanzania,4,12,21,16.5369863013698,0.333333333333333,1.26988071570577,58,0-4
Tanzania,41,12,27,15.9123287671233,3.41666666666667,1.69679752066116,87,0-4
Tanzania,1,12,34,27.7479452054795,0.0833333333333333,1.22531595576619,72,0-4
Tanzania,1,12,14,19.3972602739726,0.0833333333333333,0.721751412429379,99,0-4
Tanzania,1,12,20,15.9780821917809,0.0833333333333333,1.2517146776406,61,0-4
Tanzania,1,12,7,15.2876712328767,0.0833333333333333,0.457885304659498,140,0-4
Tanzania,38,12,25,15.8465753424658,3.16666666666667,1.57762793914246,91,0-4
Tanzania,1,12,30,15.813698630137,0.0833333333333333,1.8970893970894,59,0-4
Tanzania,1,12,34,16.1095890410959,0.0833333333333333,2.11054421768708,137,0-4
Tanzania,14,12,69,16.0109589041096,1.16666666666667,4.30954825462012,134,0-4
Tanzania,6,12,13,14.1698630136986,0.5,0.917440061871616,135,0-4
Tanzania,0,12,10,12.986301369863,0,0.770042194092827,22,0-4
Tanzania,23,12,46,15.9123287671233,1.91666666666667,2.89084022038568,56,0-4
Tanzania,6,12,14,15.9780821917808,0.5,0.876200274348423,112,0-4
Tanzania,0,12,3,12.9205479452055,0,0.232188295165394,133,0-4
Tanzania,2,12,6,12.4602739726027,0.166666666666667,0.481530343007916,7,0-4
Tanzania,0,12,5,12.986301369863,0,0.385021097046414,8,0-4
Tanzania,8,12,18,16.0109589041096,0.666666666666667,1.12422997946612,107,0-4
Tanzania,4,12,22,12.427397260274,0.333333333333333,1.77028218694885,118,0-4
Tanzania,9,12,28,15.6493150684931,0.75,1.78921568627451,75,0-4
Zimbabwe,29,12,14,25.0849315068493,2.41666666666667,0.558103975535169,2,0-4
Zimbabwe,1,12,3,15.2219178082192,0.0833333333333333,0.197084233261339,18,0-4
Zimbabwe,11,12,16,25.5123287671233,0.916666666666667,0.627147766323024,20,0-4
Zimbabwe,2,12,87,24.8876712328767,0.166666666666667,3.49570673712021,24,0-4
Zimbabwe,0,12,1,14.0712328767123,0,0.0710669781931466,38,0-4
Zimbabwe,0,12,3,24.9534246575342,0,0.120223978919631,42,0-4
Zimbabwe,1,12,2,13.6109589041096,0.0833333333333333,0.146940418679549,84,0-4
Zimbabwe,2,12,9,24.8876712328767,0.166666666666667,0.361624834874505,86,0-4
Zimbabwe,14,12,1,23.1452054794521,1.16666666666667,0.0432054924242423,103,0-4
Zimbabwe,5,12,9,23.7698630136986,0.416666666666667,0.378630705394191,106,0-4
Zimbabwe,3,12,10,24.8876712328767,0.25,0.401805372082783,123,0-4
Zimbabwe,1,12,1,14.5972602739726,0.0833333333333333,0.068506006006006,132,0-4
Zimbabwe,4,12,4,24.8876712328767,0.333333333333333,0.160722148833113,138,0-4
Cote d'Ivoire,32,12,36,22.7506849315068,2.66666666666667,1.58236994219654,11,5-14
Cote d'Ivoire,51,12,131,19.6602739726027,4.25,6.66318283166111,12,5-14
Cote d'Ivoire,13,12,22,23.2767123287671,1.08333333333333,0.945150659133711,13,5-14
Cote d'Ivoire,20,12,17,17.2602739726027,1.66666666666667,0.984920634920637,14,5-14
Cote d'Ivoire,5,12,3,22.8821917808219,0.416666666666667,0.131106321839081,35,5-14
Cote d'Ivoire,8,12,9,19.5945205479452,0.666666666666667,0.459312080536913,40,5-14
Cote d'Ivoire,1,12,12,21.2712328767123,0.0833333333333333,0.564142194744978,41,5-14
Cote d'Ivoire,7,12,18,22.3561643835616,0.583333333333333,0.805147058823531,47,5-14
Cote d'Ivoire,12,12,19,20.8109589041096,1,0.912980516061084,48,5-14
Cote d'Ivoire,13,12,5,20.7780821917808,1.08333333333333,0.240638185654009,49,5-14
Cameroon,2,12,1,12.8876712328767,0.166666666666667,0.0775935374149661,10,5-14
Cameroon,4,12,4,22.3232876712329,0.333333333333333,0.179185076092292,15,5-14
Cameroon,3,12,2,22.3561643835616,0.25,0.0894607843137257,23,5-14
Cameroon,1,12,3,23.2767123287671,0.0833333333333333,0.128884180790961,37,5-14
Cameroon,1,12,8,16.8657534246575,0.0833333333333333,0.474333983105914,43,5-14
Cameroon,5,12,5,23.3424657534247,0.416666666666667,0.214201877934272,44,5-14
Cameroon,25,12,12,17.8849315068493,2.08333333333333,0.670955882352942,45,5-14
Cameroon,6,12,8,17.227397260274,0.5,0.464376590330788,46,5-14
Cameroon,36,12,44,16.9972602739726,3,2.5886524822695,50,5-14
Cameroon,4,12,3,19.9890410958904,0.333333333333333,0.150082236842105,51,5-14
Cameroon,1,12,4,21.6,0.0833333333333333,0.185185185185185,52,5-14
Cameroon,7,12,12,21.8958904109589,0.583333333333333,0.548048048048048,53,5-14
Cameroon,6,12,3,20.0219178082192,0.5,0.14983579638752,54,5-14
Cameroon,9,12,14,21.9287671232877,0.75,0.638430784607695,97,5-14
DRC,15,12,48,22.2904109589041,1.25,2.15339233038348,5,5-14
DRC,10,12,28,22.1917808219178,0.833333333333333,1.26172839506173,16,5-14
DRC,28,12,64,22.158904109589,2.33333333333333,2.88822947576657,17,5-14
DRC,44,12,73,22.0602739726027,3.66666666666667,3.30911574764034,25,5-14
DRC,28,12,69,22.1260273972603,2.33333333333333,3.11849925705795,26,5-14
DRC,4,12,54,22.2904109589041,0.333333333333333,2.42256637168142,27,5-14
DRC,19,12,46,21.8958904109589,1.58333333333333,2.10085085085085,28,5-14
DRC,14,12,73,22.2904109589041,1.16666666666667,3.27495083579155,29,5-14
DRC,9,12,85,22.0931506849315,0.75,3.84734623015873,30,5-14
DRC,28,12,173,22.1260273972603,2.33333333333333,7.81884596334818,31,5-14
DRC,15,12,53,22.0931506849315,1.25,2.39893353174603,32,5-14
DRC,14,12,69,22.1917808219178,1.16666666666667,3.10925925925926,33,5-14
DRC,28,12,33,22.2904109589041,2.33333333333333,1.48045722713864,34,5-14
DRC,14,12,53,22.2904109589041,1.16666666666667,2.37770403146509,57,5-14
DRC,32,12,91,22.2575342465753,2.66666666666667,4.0885032003939,63,5-14
DRC,40,12,40,22.158904109589,3.33333333333333,1.80514342235411,67,5-14
DRC,29,12,129,22.2904109589041,2.41666666666667,5.78724188790561,70,5-14
DRC,54,12,132,22.2575342465753,4.5,5.93057607090105,71,5-14
DRC,11,12,36,22.2575342465753,0.916666666666667,1.61742983751847,77,5-14
DRC,4,12,82,22.2575342465753,0.333333333333333,3.68414574101429,105,5-14
DRC,10,12,63,22.2904109589041,0.833333333333333,2.82632743362832,138,5-14
Kenya,0,12,3,20.9753424657534,0,0.143025078369906,74,5-14
Kenya,47,12,95,21.041095890411,3.91666666666667,4.51497395833332,80,5-14
Kenya,0,12,3,20.9753424657534,0,0.143025078369906,82,5-14
Kenya,5,12,5,20.7123287671233,0.416666666666667,0.241402116402116,88,5-14
Kenya,5,12,15,21.041095890411,0.416666666666667,0.712890624999999,96,5-14
Kenya,2,12,1,21.041095890411,0.166666666666667,0.0475260416666666,100,5-14
Kenya,0,12,3,21.041095890411,0,0.142578125,109,5-14
Kenya,4,12,3,20.5479452054795,0.333333333333333,0.146,111,5-14
Kenya,0,12,1,20.9424657534247,0,0.0477498691784405,117,5-14
Kenya,4,12,2,21.041095890411,0.333333333333333,0.0950520833333331,119,5-14
Kenya,0,12,2,21.0082191780822,0,0.0952008346374543,120,5-14
Kenya,1,12,0,21.0082191780822,0.0833333333333333,0,121,5-14
Kenya,1,12,8,21.0082191780822,0.0833333333333333,0.380803338549817,126,5-14
Kenya,0,12,6,21.0082191780822,0,0.285602503912363,142,5-14
Kenya,4,12,0,20.7452054794521,0.333333333333333,0,145,5-14
Lesotho,1,12,3,18.9369863013699,0.0833333333333333,0.158420138888889,3,5-14
Lesotho,0,12,0,18.8712328767123,0,0,39,5-14
Lesotho,2,12,1,18.6082191780822,0.166666666666667,0.0537396937573616,69,5-14
Lesotho,0,12,0,18.5095890410959,0,0,78,5-14
Lesotho,0,12,2,17.786301369863,0,0.112446087492298,81,5-14
Lesotho,3,12,4,18.9698630136986,0.25,0.210860774119007,83,5-14
Lesotho,6,12,13,18.5095890410959,0.5,0.702338661930136,85,5-14
Lesotho,9,12,10,18.8383561643836,0.75,0.530831878999417,89,5-14
Lesotho,2,12,0,18.5095890410959,0.166666666666667,0,90,5-14
Lesotho,3,12,4,18.8383561643836,0.25,0.212332751599767,92,5-14
Lesotho,1,12,2,16.7013698630137,0.0833333333333333,0.119750656167979,93,5-14
Lesotho,2,12,0,18.9698630136986,0.166666666666667,0,102,5-14
Lesotho,28,12,6,18.9041095890411,2.33333333333333,0.317391304347826,114,5-14
Lesotho,0,12,1,17.8191780821918,0,0.0561193111931119,122,5-14
Lesotho,2,12,2,18.6082191780822,0.166666666666667,0.107479387514723,124,5-14
Lesotho,9,12,11,18.5095890410959,0.75,0.59428656009473,125,5-14
Lesotho,2,12,1,17.1287671232877,0.166666666666667,0.0583813179782469,127,5-14
Lesotho,4,12,1,18.4109589041096,0.333333333333333,0.0543154761904762,131,5-14
Lesotho,4,12,5,18.2794520547945,0.333333333333333,0.273531175059952,141,5-14
Malawi,4,12,24,23.9342465753425,0.333333333333333,1.00274725274725,1,5-14
Malawi,3,12,2,23.572602739726,0.25,0.0848442584844259,4,5-14
Malawi,0,12,4,23.6712328767123,0,0.168981481481482,19,5-14
Malawi,8,12,16,23.7698630136986,0.666666666666667,0.673121254034118,21,5-14
Malawi,5,12,29,23.7698630136986,0.416666666666667,1.22003227293684,36,5-14
Malawi,8,12,26,23.2767123287671,0.666666666666667,1.11699623352166,68,5-14
Malawi,9,12,10,23.9342465753425,0.75,0.417811355311355,79,5-14
Malawi,17,12,34,24,1.41666666666667,1.41666666666667,98,5-14
Malawi,9,12,14,23.9013698630137,0.75,0.585740486015589,101,5-14
Malawi,0,12,17,23.3095890410959,0,0.729313587212035,104,5-14
Malawi,7,12,16,23.7698630136986,0.583333333333333,0.673121254034118,110,5-14
Malawi,24,12,42,23.7369863013699,2,1.76939058171745,113,5-14
Malawi,2,12,6,23.8027397260274,0.166666666666667,0.25207182320442,135,5-14
Malawi,5,12,33,23.7698630136986,0.416666666666667,1.38831258644537,140,5-14
Malawi,14,12,23,23.9342465753425,1.16666666666667,0.960966117216116,144,5-14
Uganda,1,12,0,18.0164383561644,0.0833333333333333,0,6,5-14
Uganda,1,12,3,18.0493150684931,0.0833333333333333,0.166211293260474,9,5-14
Uganda,0,12,3,19.0356164383562,0,0.157599309153713,55,5-14
Uganda,3,12,4,17.0301369863014,0.25,0.234877734877734,60,5-14
Uganda,6,12,7,18.1479452054794,0.5,0.385718599033818,62,5-14
Uganda,2,12,0,17.9835616438356,0.166666666666667,0,64,5-14
Uganda,2,12,14,18.0493150684931,0.166666666666667,0.775652701882212,65,5-14
Uganda,0,12,1,14.9260273972603,0,0.0669970631424375,66,5-14
Uganda,2,12,7,18.0493150684931,0.166666666666667,0.387826350941106,73,5-14
Uganda,0,12,28,17.9506849315068,0,1.55982905982906,76,5-14
Uganda,0,12,9,16.8986301369863,0,0.532587548638132,94,5-14
Uganda,17,12,27,16.3397260273973,1.41666666666667,1.65241448692153,95,5-14
Uganda,1,12,19,18.5753424657534,0.0833333333333333,1.02286135693215,108,5-14
Uganda,1,12,7,18.0493150684931,0.0833333333333333,0.387826350941106,115,5-14
Uganda,6,12,18,17.0301369863014,0.5,1.05694980694981,116,5-14
Uganda,1,12,10,17.9506849315068,0.0833333333333333,0.557081807081809,128,5-14
Uganda,0,12,5,17.786301369863,0,0.281115218730746,129,5-14
Uganda,0,12,11,18.2465753424658,0,0.602852852852851,130,5-14
Uganda,1,12,3,17.4904109589041,0.0833333333333333,0.171522556390978,143,5-14
Tanzania,1,12,4,16.5369863013699,0.0833333333333333,0.241882041086812,58,5-14
Tanzania,13,12,4,15.9123287671233,1.08333333333333,0.25137741046832,87,5-14
Tanzania,6,12,26,27.7479452054795,0.5,0.937006319115324,72,5-14
Tanzania,2,12,4,19.3972602739726,0.166666666666667,0.206214689265537,99,5-14
Tanzania,7,12,3,15.9780821917808,0.583333333333333,0.187757201646091,61,5-14
Tanzania,7,12,8,15.2876712328767,0.583333333333333,0.523297491039427,139,5-14
Tanzania,19,12,11,15.8465753424658,1.58333333333333,0.694156293222683,91,5-14
Tanzania,0,12,3,15.813698630137,0,0.18970893970894,59,5-14
Tanzania,0,12,3,16.1095890410959,0,0.186224489795918,136,5-14
Tanzania,7,12,34,16.0109589041096,0.583333333333333,2.12354551676934,133,5-14
Tanzania,6,12,3,14.1698630136987,0.5,0.211716937354988,134,5-14
Tanzania,3,12,5,12.986301369863,0.25,0.385021097046414,22,5-14
Tanzania,15,12,20,15.9123287671233,1.25,1.2568870523416,56,5-14
Tanzania,8,12,9,15.9780821917808,0.666666666666667,0.563271604938272,112,5-14
Tanzania,2,12,9,12.4602739726027,0.166666666666667,0.722295514511873,7,5-14
Tanzania,1,12,6,12.986301369863,0.0833333333333333,0.462025316455696,8,5-14
Tanzania,5,12,36,16.0109589041096,0.416666666666667,2.24845995893224,107,5-14
Tanzania,4,12,6,12.427397260274,0.333333333333333,0.482804232804233,118,5-14
Tanzania,17,12,38,15.6493150684931,1.41666666666667,2.42822128851541,75,5-14
Zimbabwe,13,12,9,25.0849315068493,1.08333333333333,0.358781127129751,2,5-14
Zimbabwe,1,12,0,15.2219178082192,0.0833333333333333,0,18,5-14
Zimbabwe,5,12,14,25.5123287671233,0.416666666666667,0.548754295532646,20,5-14
Zimbabwe,1,12,21,24.8876712328767,0.0833333333333333,0.843791281373845,24,5-14
Zimbabwe,0,12,1,14.0712328767123,0,0.0710669781931466,38,5-14
Zimbabwe,0,12,1,24.9534246575342,0,0.0400746596398771,42,5-14
Zimbabwe,0,12,1,13.6109589041096,0,0.0734702093397745,84,5-14
Zimbabwe,3,12,4,24.8876712328767,0.25,0.160722148833113,86,5-14
Zimbabwe,5,12,0,23.1452054794521,0.416666666666667,0,103,5-14
Zimbabwe,2,12,0,17.7534246575342,0.166666666666667,0,106,5-14
Zimbabwe,1,12,5,24.8876712328767,0.0833333333333333,0.200902686041392,123,5-14
Zimbabwe,0,12,1,14.5972602739726,0,0.068506006006006,132,5-14
Zimbabwe,3,12,8,24.8876712328767,0.25,0.321444297666227,137,5-14
Cote d'Ivoire,42,12,55,22.7506849315068,3.5,2.41750963391137,11,0-14
Cote d'Ivoire,79,12,192,19.6602739726027,6.58333333333333,9.76588628762544,12,0-14
Cote d'Ivoire,40,12,52,23.2767123287671,3.33333333333333,2.23399246704332,13,0-14
Cote d'Ivoire,27,12,25,17.2602739726027,2.25,1.4484126984127,14,0-14
Cote d'Ivoire,7,12,5,22.8821917808219,0.583333333333333,0.218510536398468,35,0-14
Cote d'Ivoire,9,12,14,19.5945205479452,0.75,0.714485458612976,40,0-14
Cote d'Ivoire,2,12,14,21.2712328767123,0.166666666666667,0.658165893869141,41,0-14
Cote d'Ivoire,9,12,25,22.3561643835616,0.75,1.11825980392157,47,0-14
Cote d'Ivoire,14,12,33,20.8109589041096,1.16666666666667,1.58570300157978,48,0-14
Cote d'Ivoire,19,12,8,20.7780821917808,1.58333333333333,0.385021097046414,49,0-14
Cameroon,2,12,2,12.8876712328767,0.166666666666667,0.155187074829932,10,0-14
Cameroon,7,12,7,22.3232876712329,0.583333333333333,0.313573883161512,15,0-14
Cameroon,5,12,2,22.3561643835616,0.416666666666667,0.0894607843137257,23,0-14
Cameroon,2,12,7,23.2767123287671,0.166666666666667,0.300729755178908,37,0-14
Cameroon,1,12,14,16.8657534246575,0.0833333333333333,0.830084470435349,43,0-14
Cameroon,9,12,8,23.3424657534247,0.75,0.342723004694835,44,0-14
Cameroon,28,12,19,17.8849315068493,2.33333333333333,1.06234681372549,45,0-14
Cameroon,6,12,10,17.227397260274,0.5,0.580470737913485,46,0-14
Cameroon,58,12,68,16.9972602739726,4.83333333333333,4.0006447453256,50,0-14
Cameroon,7,12,8,19.9890410958904,0.583333333333333,0.400219298245614,51,0-14
Cameroon,1,12,5,21.6,0.0833333333333333,0.231481481481481,52,0-14
Cameroon,10,12,26,21.8958904109589,0.833333333333333,1.18743743743744,53,0-14
Cameroon,6,12,3,20.0219178082192,0.5,0.14983579638752,54,0-14
Cameroon,19,12,33,21.9287671232877,1.58333333333333,1.50487256371814,97,0-14
DRC,25,12,64,22.2904109589041,2.08333333333333,2.87118977384464,5,0-14
DRC,16,12,39,22.1917808219178,1.33333333333333,1.75740740740741,16,0-14
DRC,101,12,175,22.158904109589,8.41666666666667,7.89750247279922,17,0-14
DRC,51,12,115,22.0602739726027,4.25,5.21299056135123,25,0-14
DRC,33,12,104,22.1260273972603,2.75,4.70034670629024,26,0-14
DRC,6,12,93,22.2904109589041,0.5,4.172197640118,27,0-14
DRC,23,12,88,21.8958904109589,1.91666666666667,4.01901901901902,28,0-14
DRC,18,12,107,22.2904109589041,1.5,4.80027040314651,29,0-14
DRC,13,12,122,22.0931506849315,1.08333333333333,5.52207341269841,30,0-14
DRC,38,12,195,22.1260273972603,3.16666666666667,8.81315007429419,31,0-14
DRC,22,12,90,22.0931506849315,1.83333333333333,4.07366071428572,32,0-14
DRC,23,12,83,22.1917808219178,1.91666666666667,3.74012345679013,33,0-14
DRC,37,12,54,22.2904109589041,3.08333333333333,2.42256637168142,34,0-14
DRC,19,12,94,22.2904109589041,1.58333333333333,4.21705998033432,57,0-14
DRC,50,12,122,22.2575342465753,4.16666666666667,5.48129000492369,63,0-14
DRC,137,12,133,22.158904109589,11.4166666666667,6.00210187932741,67,0-14
DRC,64,12,278,22.2904109589041,5.33333333333333,12.4717305801377,70,0-14
DRC,75,12,202,22.2575342465753,6.25,9.07557853274251,71,0-14
DRC,18,12,42,22.2575342465753,1.5,1.88700147710488,77,0-14
DRC,4,12,88,22.2575342465753,0.333333333333333,3.9537173806007,105,0-14
DRC,15,12,126,22.2904109589041,1.25,5.65265486725664,139,0-14
Kenya,0,12,3,20.9753424657534,0,0.143025078369906,74,0-14
Kenya,145,12,350,21.041095890411,12.0833333333333,16.6341145833333,80,0-14
Kenya,0,12,3,20.9753424657534,0,0.143025078369906,82,0-14
Kenya,7,12,13,20.7123287671233,0.583333333333333,0.627645502645502,88,0-14
Kenya,7,12,25,21.041095890411,0.583333333333333,1.18815104166666,96,0-14
Kenya,2,12,6,21.041095890411,0.166666666666667,0.285156249999999,100,0-14
Kenya,1,12,3,21.041095890411,0.0833333333333333,0.142578125,109,0-14
Kenya,4,12,3,20.5479452054795,0.333333333333333,0.146,111,0-14
Kenya,0,12,1,20.9424657534247,0,0.0477498691784405,117,0-14
Kenya,9,12,2,21.041095890411,0.75,0.0950520833333331,119,0-14
Kenya,0,12,3,21.0082191780822,0,0.142801251956181,120,0-14
Kenya,2,12,0,21.0082191780822,0.166666666666667,0,121,0-14
Kenya,2,12,17,21.0082191780822,0.166666666666667,0.809207094418362,126,0-14
Kenya,2,12,11,21.0082191780822,0.166666666666667,0.523604590505999,143,0-14
Kenya,5,12,2,20.7452054794521,0.416666666666667,0.0964078182778656,146,0-14
Lesotho,3,12,6,18.9369863013699,0.25,0.316840277777777,3,0-14
Lesotho,0,12,3,18.8712328767123,0,0.15897212543554,39,0-14
Lesotho,2,12,1,18.6082191780822,0.166666666666667,0.0537396937573616,69,0-14
Lesotho,0,12,0,18.5095890410959,0,0,78,0-14
Lesotho,0,12,2,17.786301369863,0,0.112446087492298,81,0-14
Lesotho,3,12,5,18.9698630136986,0.25,0.263575967648758,83,0-14
Lesotho,10,12,15,18.5095890410959,0.833333333333333,0.810390763765541,85,0-14
Lesotho,12,12,25,18.8383561643836,1,1.32707969749854,89,0-14
Lesotho,4,12,3,18.5095890410959,0.333333333333333,0.162078152753108,90,0-14
Lesotho,6,12,5,18.8383561643836,0.5,0.265415939499709,92,0-14
Lesotho,2,12,7,16.7013698630137,0.166666666666667,0.419127296587926,93,0-14
Lesotho,2,12,4,18.9698630136986,0.166666666666667,0.210860774119007,102,0-14
Lesotho,42,12,12,18.9041095890411,3.5,0.634782608695652,114,0-14
Lesotho,0,12,1,17.8191780821918,0,0.0561193111931119,122,0-14
Lesotho,2,12,6,18.6082191780822,0.166666666666667,0.322438162544169,124,0-14
Lesotho,11,12,16,18.5095890410959,0.916666666666667,0.864416814683244,125,0-14
Lesotho,3,12,1,17.1287671232877,0.25,0.0583813179782469,127,0-14
Lesotho,8,12,13,18.4109589041096,0.666666666666667,0.70610119047619,131,0-14
Lesotho,5,12,13,18.2794520547945,0.416666666666667,0.711181055155876,142,0-14
Malawi,6,12,42,23.9342465753425,0.5,1.75480769230769,1,0-14
Malawi,3,12,2,23.572602739726,0.25,0.0848442584844259,4,0-14
Malawi,3,12,14,23.6712328767123,0.25,0.591435185185186,19,0-14
Malawi,13,12,29,23.7698630136986,1.08333333333333,1.22003227293684,21,0-14
Malawi,7,12,50,23.7698630136986,0.583333333333333,2.10350391885662,36,0-14
Malawi,11,12,38,23.2767123287671,0.916666666666667,1.6325329566855,68,0-14
Malawi,12,12,19,23.9342465753425,1,0.793841575091574,79,0-14
Malawi,25,12,55,24,2.08333333333333,2.29166666666667,98,0-14
Malawi,12,12,17,23.9013698630137,1,0.711256304447501,101,0-14
Malawi,0,12,32,23.3095890410959,0,1.37282557592854,104,0-14
Malawi,7,12,32,23.7698630136986,0.583333333333333,1.34624250806824,110,0-14
Malawi,30,12,72,23.7369863013699,2.5,3.03324099722991,113,0-14
Malawi,2,12,8,23.8027397260274,0.166666666666667,0.33609576427256,136,0-14
Malawi,6,12,62,23.7698630136986,0.5,2.60834485938221,141,0-14
Malawi,24,12,53,23.9342465753425,2,2.21440018315018,145,0-14
Uganda,1,12,4,18.0164383561644,0.0833333333333333,0.222019464720194,6,0-14
Uganda,1,12,13,18.0493150684931,0.0833333333333333,0.720248937462054,9,0-14
Uganda,0,12,8,19.0356164383562,0,0.420264824409901,55,0-14
Uganda,4,12,7,17.0301369863014,0.333333333333333,0.411036036036035,60,0-14
Uganda,7,12,9,18.1479452054794,0.583333333333333,0.49592391304348,62,0-14
Uganda,3,12,11,17.9835616438356,0.25,0.611669713589275,64,0-14
Uganda,2,12,26,18.0493150684931,0.166666666666667,1.44049787492411,65,0-14
Uganda,0,12,8,14.9260273972603,0,0.5359765051395,66,0-14
Uganda,6,12,18,18.0493150684931,0.5,0.997267759562844,73,0-14
Uganda,0,12,40,17.9506849315068,0,2.22832722832723,76,0-14
Uganda,3,12,16,16.8986301369863,0.25,0.946822308690013,94,0-14
Uganda,48,12,79,16.3397260273973,4,4.83484238765928,95,0-14
Uganda,1,12,33,18.5753424657534,0.0833333333333333,1.77654867256637,108,0-14
Uganda,1,12,20,18.0493150684931,0.0833333333333333,1.10807528840316,115,0-14
Uganda,10,12,32,17.0301369863014,0.833333333333333,1.87902187902188,116,0-14
Uganda,2,12,15,17.9506849315068,0.166666666666667,0.835622710622713,128,0-14
Uganda,0,12,9,17.786301369863,0,0.506007393715342,129,0-14
Uganda,0,12,19,18.2465753424658,0,1.04129129129129,130,0-14
Uganda,2,12,5,17.4904109589041,0.166666666666667,0.285870927318296,144,0-14
Tanzania,5,12,25,16.5369863013698,0.416666666666667,1.51176275679258,58,0-14
Tanzania,54,12,31,15.9123287671233,4.5,1.94817493112948,87,0-14
Tanzania,7,12,60,27.7479452054794,0.583333333333333,2.16232227488152,72,0-14
Tanzania,3,12,18,19.3972602739726,0.25,0.927966101694915,99,0-14
Tanzania,8,12,23,15.9780821917809,0.666666666666667,1.43947187928669,61,0-14
Tanzania,8,12,16,15.2876712328768,0.666666666666667,1.04659498207885,140,0-14
Tanzania,57,12,36,15.8465753424657,4.75,2.27178423236515,91,0-14
Tanzania,1,12,33,15.813698630137,0.0833333333333333,2.08679833679834,59,0-14
Tanzania,1,12,37,16.1095890410959,0.0833333333333333,2.29676870748299,137,0-14
Tanzania,21,12,103,16.0109589041096,1.75,6.43309377138946,134,0-14
Tanzania,12,12,16,14.1698630136987,1,1.1291569992266,135,0-14
Tanzania,3,12,15,12.986301369863,0.25,1.15506329113924,22,0-14
Tanzania,38,12,66,15.9123287671233,3.16666666666667,4.14772727272727,56,0-14
Tanzania,14,12,23,15.9780821917809,1.16666666666667,1.43947187928669,112,0-14
Tanzania,0,12,3,12.9205479452055,0,0.232188295165394,133,0-14
Tanzania,4,12,15,12.4602739726027,0.333333333333333,1.20382585751979,7,0-14
Tanzania,1,12,11,12.986301369863,0.0833333333333333,0.84704641350211,8,0-14
Tanzania,13,12,54,16.0109589041096,1.08333333333333,3.37268993839836,107,0-14
Tanzania,8,12,28,12.427397260274,0.666666666666667,2.25308641975309,118,0-14
Tanzania,26,12,66,15.6493150684931,2.16666666666667,4.21743697478992,75,0-14
Zimbabwe,42,12,23,25.0849315068493,3.5,0.91688510266492,2,0-14
Zimbabwe,2,12,3,15.2219178082192,0.166666666666667,0.197084233261339,18,0-14
Zimbabwe,16,12,30,25.5123287671233,1.33333333333333,1.17590206185567,20,0-14
Zimbabwe,3,12,108,24.8876712328767,0.25,4.33949801849406,24,0-14
Zimbabwe,0,12,2,14.0712328767123,0,0.142133956386293,38,0-14
Zimbabwe,0,12,4,24.9534246575342,0,0.160298638559508,42,0-14
Zimbabwe,1,12,3,13.6109589041096,0.0833333333333333,0.220410628019323,84,0-14
Zimbabwe,5,12,13,24.8876712328767,0.416666666666667,0.522346983707618,86,0-14
Zimbabwe,19,12,1,23.1452054794521,1.58333333333333,0.0432054924242423,103,0-14
Zimbabwe,7,12,9,23.7698630136986,0.583333333333333,0.378630705394191,106,0-14
Zimbabwe,4,12,15,24.8876712328767,0.333333333333333,0.602708058124175,123,0-14
Zimbabwe,1,12,2,14.5972602739726,0.0833333333333333,0.137012012012012,132,0-14
Zimbabwe,7,12,12,24.8876712328767,0.583333333333333,0.48216644649934,138,0-14
